Sending Country,Receiving Country,Year,Value,Unit,Source,Region
Algeria,Senegal,2021,0.183414825,USD millions,BCEAO,Africa
Australia,Ethiopia,2020,13.59617511,USD millions,National Bank of Ethiopia,Africa
Australia,Kenya,2024,"184,497.099695719",USD millions,Central Bank of Kenya,Africa
Australia,Uganda,2022,22,USD millions,Bank of Uganda,Africa
Austria,Kenya,2024,"13,169.065145833",USD millions,Central Bank of Kenya,Africa
Bahamas,Kenya,2024,"1,453.632639905",USD millions,Central Bank of Kenya,Africa
Bahrain,Kenya,2024,"5,004.769090469",USD millions,Central Bank of Kenya,Africa
Bahrain,Morocco,2020,30.3408085,USD millions,Bank Al-Maghrib,Africa
Belgium,Kenya,2024,"22,844.654997935",USD millions,Central Bank of Kenya,Africa
Belgium,Morocco,2020,387.629403,USD millions,Bank Al-Maghrib,Africa
Belgium,Senegal,2021,88.247787762,USD millions,BCEAO,Africa
Benin,Senegal,2021,25.846190336,USD millions,BCEAO,Africa
Brazil,Senegal,2021,29.312422216,USD millions,BCEAO,Africa
Burkina Faso,Senegal,2021,35.216150094,USD millions,BCEAO,Africa
Cameroon,Senegal,2021,43.126214245,USD millions,BCEAO,Africa
Canada,Ethiopia,2020,33.89159808,USD millions,National Bank of Ethiopia,Africa
Canada,Kenya,2024,"130,812.76972775",USD millions,Central Bank of Kenya,Africa
Canada,Morocco,2020,99.802037,USD millions,Bank Al-Maghrib,Africa
Canada,Senegal,2021,2.866648143,USD millions,BCEAO,Africa
Canada,Uganda,2022,82.1,USD millions,Bank of Uganda,Africa
Central African Republic,Senegal,2021,11.097456712,USD millions,BCEAO,Africa
Chad,Senegal,2021,8.390086853,USD millions,BCEAO,Africa
China,Kenya,2024,"5,981.681937719",USD millions,Central Bank of Kenya,Africa
China,Senegal,2021,0.358772173,USD millions,BCEAO,Africa
China,Uganda,2022,7,USD millions,Bank of Uganda,Africa
"Congo, Dem. Rep.",Uganda,2022,21,USD millions,Bank of Uganda,Africa
"Congo, Rep.",Senegal,2021,61.407592705,USD millions,BCEAO,Africa
Côte d'Ivoire,Kenya,2024,"4,351.233359615",USD millions,Central Bank of Kenya,Africa
Côte d'Ivoire,Senegal,2021,89.989410749,USD millions,BCEAO,Africa
Denmark,Morocco,2020,28.261131,USD millions,Bank Al-Maghrib,Africa
Denmark,Senegal,2021,5.476232008,USD millions,BCEAO,Africa
Djibouti,Ethiopia,2020,185.47649889,USD millions,National Bank of Ethiopia,Africa
Egypt,Kenya,2024,"2,710.849916951",USD millions,Central Bank of Kenya,Africa
Equatorial Guinea,Senegal,2021,4.981180446,USD millions,BCEAO,Africa
France,Kenya,2024,"25,420.562300568",USD millions,Central Bank of Kenya,Africa
France,Morocco,2020,"2,740.1718325",USD millions,Bank Al-Maghrib,Africa
France,Senegal,2021,"1,630.192958418",USD millions,BCEAO,Africa
Gabon,Senegal,2021,110.182458279,USD millions,BCEAO,Africa
Germany,Ethiopia,2020,61.4673327,USD millions,National Bank of Ethiopia,Africa
Germany,Kenya,2024,"197,764.185703727",USD millions,Central Bank of Kenya,Africa
Germany,Morocco,2020,349.588167,USD millions,Bank Al-Maghrib,Africa
Germany,Senegal,2021,81.314844041,USD millions,BCEAO,Africa
Germany,Uganda,2022,27.9,USD millions,Bank of Uganda,Africa
Greece,Senegal,2021,7.552688969,USD millions,BCEAO,Africa
Guinea-Bissau,Senegal,2021,20.567153363,USD millions,BCEAO,Africa
India,Kenya,2024,"20,594.869099147",USD millions,Central Bank of Kenya,Africa
India,Senegal,2021,0.067644659,USD millions,BCEAO,Africa
Iraq,Kenya,2024,"18,473.974825301",USD millions,Central Bank of Kenya,Africa
Israel,Ethiopia,2020,16.12958144,USD millions,National Bank of Ethiopia,Africa
Italy,Ethiopia,2020,40.64448902,USD millions,National Bank of Ethiopia,Africa
Italy,Kenya,2024,"33,857.169027017",USD millions,Central Bank of Kenya,Africa
Italy,Morocco,2020,696.568306,USD millions,Bank Al-Maghrib,Africa
Italy,Senegal,2021,966.610341655,USD millions,BCEAO,Africa
Italy,Uganda,2022,10.4,USD millions,Bank of Uganda,Africa
Japan,Kenya,2024,"6,019.671359217",USD millions,Central Bank of Kenya,Africa
Japan,Uganda,2022,10.7,USD millions,Bank of Uganda,Africa
Kenya,Uganda,2022,29.3,USD millions,Bank of Uganda,Africa
Kuwait,Ethiopia,2020,13.69625133,USD millions,National Bank of Ethiopia,Africa
Kuwait,Morocco,2020,107.6373625,USD millions,Bank Al-Maghrib,Africa
Lebanon,Ethiopia,2020,72.80490292,USD millions,National Bank of Ethiopia,Africa
Libya,Senegal,2021,8.0158e-05,USD millions,BCEAO,Africa
Luxembourg,Senegal,2021,10.453967042,USD millions,BCEAO,Africa
Malawi,Kenya,2024,"2,348.468507446",USD millions,Central Bank of Kenya,Africa
Mali,Senegal,2021,59.378847294,USD millions,BCEAO,Africa
Mauritania,Senegal,2021,0.056017187,USD millions,BCEAO,Africa
Morocco,Senegal,2021,2.328185595,USD millions,BCEAO,Africa
Namibia,Kenya,2020,22.27557275,USD millions,Central Bank of Kenya,Africa
Namibia,Morocco,2020,275.3155765,USD millions,Bank Al-Maghrib,Africa
New Zealand,Kenya,2024,"2,997.798884179",USD millions,Central Bank of Kenya,Africa
Niger,Senegal,2021,13.518544121,USD millions,BCEAO,Africa
Nigeria,Kenya,2024,"7,235.873538576",USD millions,Central Bank of Kenya,Africa
Norway,Ethiopia,2020,13.01269086,USD millions,National Bank of Ethiopia,Africa
Norway,Kenya,2024,"20,219.725544913",USD millions,Central Bank of Kenya,Africa
Norway,Morocco,2020,28.665825,USD millions,Bank Al-Maghrib,Africa
Norway,Senegal,2021,0.001034610,USD millions,BCEAO,Africa
Oman,Kenya,2024,"8,642.361559321",USD millions,Central Bank of Kenya,Africa
Oman,Morocco,2020,19.470278,USD millions,Bank Al-Maghrib,Africa
Oman,Uganda,2022,8.7,USD millions,Bank of Uganda,Africa
Portugal,Senegal,2021,28.855230561,USD millions,BCEAO,Africa
Qatar,Kenya,2024,"69,232.138058795",USD millions,Central Bank of Kenya,Africa
Qatar,Morocco,2020,137.6072015,USD millions,Bank Al-Maghrib,Africa
Qatar,Uganda,2022,23,USD millions,Bank of Uganda,Africa
Saudi Arabia,Ethiopia,2020,137.49327083,USD millions,National Bank of Ethiopia,Africa
Saudi Arabia,Kenya,2024,"404,105.02454433",USD millions,Central Bank of Kenya,Africa
Saudi Arabia,Morocco,2020,532.442406,USD millions,Bank Al-Maghrib,Africa
Saudi Arabia,Uganda,2022,195.7,USD millions,Bank of Uganda,Africa
Somalia,Uganda,2022,30,USD millions,Bank of Uganda,Africa
South Africa,Ethiopia,2020,67.93372415,USD millions,National Bank of Ethiopia,Africa
South Africa,Kenya,2024,"24,095.095706679",USD millions,Central Bank of Kenya,Africa
South Africa,Senegal,2021,14.579840557,USD millions,BCEAO,Africa
South Africa,Uganda,2022,28.7,USD millions,Bank of Uganda,Africa
South Sudan,Ethiopia,2020,11.33937986,USD millions,National Bank of Ethiopia,Africa
South Sudan,Kenya,2024,"5,789.706224355",USD millions,Central Bank of Kenya,Africa
South Sudan,Uganda,2022,113.3,USD millions,Bank of Uganda,Africa
Spain,Morocco,2020,705.7301285,USD millions,Bank Al-Maghrib,Africa
Spain,Senegal,2021,682.891794356,USD millions,BCEAO,Africa
Sudan,Ethiopia,2020,1.89005089,USD millions,National Bank of Ethiopia,Africa
Sudan,Uganda,2022,13.8,USD millions,Bank of Uganda,Africa
Sweden,Ethiopia,2020,23.15221747,USD millions,National Bank of Ethiopia,Africa
Sweden,Kenya,2024,"18,233.930534005",USD millions,Central Bank of Kenya,Africa
Sweden,Morocco,2020,32.3417955,USD millions,Bank Al-Maghrib,Africa
Sweden,Senegal,2021,0.009709596,USD millions,BCEAO,Africa
Sweden,Uganda,2022,7.3,USD millions,Bank of Uganda,Africa
Switzerland,Kenya,2024,"51,518.222344458",USD millions,Central Bank of Kenya,Africa
Switzerland,Morocco,2020,119.474662,USD millions,Bank Al-Maghrib,Africa
Tanzania,Kenya,2024,"75,845.291390990",USD millions,Central Bank of Kenya,Africa
The Netherlands,Kenya,2024,"31,220.545359899",USD millions,Central Bank of Kenya,Africa
The Netherlands,Senegal,2021,0.000645780,USD millions,BCEAO,Africa
Togo,Senegal,2021,19.595612958,USD millions,BCEAO,Africa
Tunisia,Senegal,2021,0.198476898,USD millions,BCEAO,Africa
Turkey,Uganda,2022,25.4,USD millions,Bank of Uganda,Africa
Uganda,Kenya,2024,"64,988.791356259",USD millions,Central Bank of Kenya,Africa
United Arab Emirates,Ethiopia,2020,282.08303062,USD millions,National Bank of Ethiopia,Africa
United Arab Emirates,Kenya,2024,"137,814.495861864",USD millions,Central Bank of Kenya,Africa
United Arab Emirates,Morocco,2020,454.6849505,USD millions,Bank Al-Maghrib,Africa
United Arab Emirates,Senegal,2021,4.375840988,USD millions,BCEAO,Africa
United Arab Emirates,Uganda,2022,186.9,USD millions,Bank of Uganda,Africa
United Kingdom,Ethiopia,2020,86.22223346,USD millions,National Bank of Ethiopia,Africa
United Kingdom,Kenya,2024,"358,836.441397577",USD millions,Central Bank of Kenya,Africa
United Kingdom,Morocco,2020,204.8088885,USD millions,Bank Al-Maghrib,Africa
United Kingdom,Senegal,2021,61.392150749,USD millions,BCEAO,Africa
United Kingdom,Uganda,2022,136.6,USD millions,Bank of Uganda,Africa
United States,Ethiopia,2020,387.04401602,USD millions,National Bank of Ethiopia,Africa
United States,Kenya,2024,"2,637,772.27432718",USD millions,Central Bank of Kenya,Africa
United States,Morocco,2020,422.388121,USD millions,Bank Al-Maghrib,Africa
United States,Senegal,2021,479.695927280,USD millions,BCEAO,Africa
United States,Uganda,2022,184.5,USD millions,Bank of Uganda,Africa
Zambia,Kenya,2024,"8,091.510769618",USD millions,Central Bank of Kenya,Africa
Afghanistan,Ecuador,2021,0.03859066,USD millions,Central Bank Data,Latin America
Afghanistan,Mexico,2022,0.295915,USD millions,Central Bank Data,Latin America
Afghanistan,Panama,2022,0.000387472,USD millions,INEC,Latin America
Albania,Ecuador,2021,1.89796382,USD millions,Central Bank Data,Latin America
Albania,Mexico,2022,0.023831,USD millions,Central Bank Data,Latin America
Albania,Panama,2022,0.038935399,USD millions,INEC,Latin America
American Samoa,Ecuador,2021,0.0553291,USD millions,Central Bank Data,Latin America
Angola,Brazil,2022,8.32422068,USD millions,Central Bank Data,Latin America
Angola,Ecuador,2021,0.00924998,USD millions,Central Bank Data,Latin America
Angola,Mexico,2022,0.021185,USD millions,Central Bank Data,Latin America
Angola,Panama,2022,0.00090577,USD millions,INEC,Latin America
Anguilla,Ecuador,2021,0.0424175,USD millions,Central Bank Data,Latin America
Anguilla,Mexico,2022,0.056245,USD millions,Central Bank Data,Latin America
Antigua and Barbuda,Ecuador,2021,0.05750221,USD millions,Central Bank Data,Latin America
Antigua and Barbuda,Jamaica,2022,7.648208936,USD millions,Central Bank Data,Latin America
Antigua and Barbuda,Mexico,2022,0.01536,USD millions,Central Bank Data,Latin America
Antigua and Barbuda,Panama,2022,0.102322835,USD millions,INEC,Latin America
Argentina,Bolivia,2022,68,USD millions,Central Bank Data,Latin America
Argentina,Chile,2021,8.239642018,USD millions,Central Bank Data,Latin America
Argentina,Colombia,2022,18.009561145,USD millions,Central Bank Data,Latin America
Argentina,Ecuador,2021,6.4922729,USD millions,Central Bank Data,Latin America
Argentina,Mexico,2022,18.71145,USD millions,Central Bank Data,Latin America
Argentina,Panama,2022,0.802349126,USD millions,INEC,Latin America
Argentina,Paraguay,2022,25.403764574,USD millions,Central Bank Data,Latin America
Armenia,Ecuador,2021,0.0034,USD millions,Central Bank Data,Latin America
Armenia,Mexico,2022,0.05807,USD millions,Central Bank Data,Latin America
Aruba,Colombia,2022,33.061651351,USD millions,Central Bank Data,Latin America
Aruba,Ecuador,2021,2.48260401,USD millions,Central Bank Data,Latin America
Aruba,Mexico,2022,0.052949,USD millions,Central Bank Data,Latin America
Aruba,Panama,2022,0.371314345,USD millions,INEC,Latin America
Aruba,Suriname,2022,0.616751910,USD millions,Central Bank Data,Latin America
Australia,Chile,2021,8.455789159,USD millions,Central Bank Data,Latin America
Australia,Colombia,2022,139.554616564,USD millions,Central Bank Data,Latin America
Australia,Ecuador,2021,5.56670612,USD millions,Central Bank Data,Latin America
Australia,Mexico,2022,6.321704,USD millions,Central Bank Data,Latin America
Australia,Panama,2022,0.606995904,USD millions,INEC,Latin America
Austria,Ecuador,2021,2.27691379,USD millions,Central Bank Data,Latin America
Austria,Mexico,2022,0.3355,USD millions,Central Bank Data,Latin America
Austria,Panama,2022,0.260785796,USD millions,INEC,Latin America
Azerbaijan,Ecuador,2021,0.1052554,USD millions,Central Bank Data,Latin America
Azerbaijan,Mexico,2022,0.000339,USD millions,Central Bank Data,Latin America
Bahamas,Ecuador,2021,1.19725033,USD millions,Central Bank Data,Latin America
Bahamas,Haiti,2019,47.883664352,USD millions,Central Bank Data,Latin America
Bahamas,Jamaica,2022,21.752802625,USD millions,Central Bank Data,Latin America
Bahamas,Mexico,2022,1.002488,USD millions,Central Bank Data,Latin America
Bahamas,Panama,2022,0.964305300,USD millions,INEC,Latin America
Bahrain,Ecuador,2021,0.06671668,USD millions,Central Bank Data,Latin America
Bahrain,Mexico,2022,0.053798,USD millions,Central Bank Data,Latin America
Barbados,Ecuador,2021,0.01994765,USD millions,Central Bank Data,Latin America
Barbados,Jamaica,2022,4.181996858,USD millions,Central Bank Data,Latin America
Barbados,Mexico,2022,0.000827,USD millions,Central Bank Data,Latin America
Barbados,Panama,2022,0.082558817,USD millions,INEC,Latin America
Belarus,Ecuador,2021,0.12746578,USD millions,Central Bank Data,Latin America
Belarus,Mexico,2022,0.005382,USD millions,Central Bank Data,Latin America
Belgium,Colombia,2022,21.769062927,USD millions,Central Bank Data,Latin America
Belgium,Ecuador,2021,21.50461288,USD millions,Central Bank Data,Latin America
Belgium,Mexico,2022,0.632507,USD millions,Central Bank Data,Latin America
Belgium,Panama,2022,0.493700313,USD millions,INEC,Latin America
Belgium,Suriname,2022,6.562809501,USD millions,Central Bank Data,Latin America
Belize,Ecuador,2021,0.0741716,USD millions,Central Bank Data,Latin America
Belize,Mexico,2022,0.473696,USD millions,Central Bank Data,Latin America
Belize,Panama,2022,0.129584041,USD millions,INEC,Latin America
Benin,Ecuador,2021,0.02850657,USD millions,Central Bank Data,Latin America
Benin,Mexico,2022,0.008055,USD millions,Central Bank Data,Latin America
Bermuda,Ecuador,2021,0.348266,USD millions,Central Bank Data,Latin America
Bermuda,Jamaica,2022,7.524725273,USD millions,Central Bank Data,Latin America
Bermuda,Mexico,2022,0.09333,USD millions,Central Bank Data,Latin America
Bermuda,Panama,2022,0.061535757,USD millions,INEC,Latin America
Bolivia,Chile,2021,9.414321651,USD millions,Central Bank Data,Latin America
Bolivia,Colombia,2022,24.401610999,USD millions,Central Bank Data,Latin America
Bolivia,Ecuador,2021,7.44350471,USD millions,Central Bank Data,Latin America
Bolivia,Mexico,2022,10.471064,USD millions,Central Bank Data,Latin America
Bolivia,Panama,2022,1.540783443,USD millions,INEC,Latin America
Bosnia and Herzegovina,Ecuador,2021,0.01810642,USD millions,Central Bank Data,Latin America
Bosnia and Herzegovina,Mexico,2022,0.023966,USD millions,Central Bank Data,Latin America
Botswana,Ecuador,2021,0.002811,USD millions,Central Bank Data,Latin America
Botswana,Mexico,2022,0.000963,USD millions,Central Bank Data,Latin America
Brazil,Bolivia,2022,83,USD millions,Central Bank Data,Latin America
Brazil,Chile,2021,5.424475332,USD millions,Central Bank Data,Latin America
Brazil,Colombia,2022,100.096094712,USD millions,Central Bank Data,Latin America
Brazil,Ecuador,2021,12.98441998,USD millions,Central Bank Data,Latin America
Brazil,Haiti,2019,75.644931398,USD millions,Central Bank Data,Latin America
Brazil,Mexico,2022,39.469823,USD millions,Central Bank Data,Latin America
Brazil,Panama,2022,9.082440833,USD millions,INEC,Latin America
Brazil,Paraguay,2022,11.838549857,USD millions,Central Bank Data,Latin America
British Virgin Islands,Ecuador,2021,0.01832945,USD millions,Central Bank Data,Latin America
British Virgin Islands,Jamaica,2022,7.559672433,USD millions,Central Bank Data,Latin America
British Virgin Islands,Mexico,2022,0.007236,USD millions,Central Bank Data,Latin America
British Virgin Islands,Panama,2022,0.064766636,USD millions,INEC,Latin America
Brunei Darussalam,Ecuador,2021,0.00104482,USD millions,Central Bank Data,Latin America
Bulgaria,Ecuador,2021,0.09197525,USD millions,Central Bank Data,Latin America
Bulgaria,Mexico,2022,0.031933,USD millions,Central Bank Data,Latin America
Bulgaria,Panama,2022,0.010352968,USD millions,INEC,Latin America
Burkina Faso,Ecuador,2021,0.02703836,USD millions,Central Bank Data,Latin America
Burkina Faso,Mexico,2022,0.098277,USD millions,Central Bank Data,Latin America
Burundi,Ecuador,2021,0.001106,USD millions,Central Bank Data,Latin America
Burundi,Mexico,2022,5.8e-05,USD millions,Central Bank Data,Latin America
Cabo Verde,Ecuador,2021,0.02254153,USD millions,Central Bank Data,Latin America
Cabo Verde,Mexico,2022,0.008431,USD millions,Central Bank Data,Latin America
Cambodia,Ecuador,2021,0.010467,USD millions,Central Bank Data,Latin America
Cambodia,Mexico,2022,0.011224,USD millions,Central Bank Data,Latin America
Cameroon,Ecuador,2021,0.32855389,USD millions,Central Bank Data,Latin America
Cameroon,Mexico,2022,0.148448,USD millions,Central Bank Data,Latin America
Cameroon,Panama,2022,0.068733711,USD millions,INEC,Latin America
Canada,Brazil,2022,88.11104413,USD millions,Central Bank Data,Latin America
Canada,Chile,2021,14.375961662,USD millions,Central Bank Data,Latin America
Canada,Colombia,2022,226.595455817,USD millions,Central Bank Data,Latin America
Canada,Costa Rica,2022,64.675969163,USD millions,Central Bank Data,Latin America
Canada,Dominican Republic,2022,64.675969163,USD millions,Central Bank Data,Latin America
Canada,Ecuador,2021,49.43577867,USD millions,Central Bank Data,Latin America
Canada,Haiti,2019,92.785748670,USD millions,Central Bank Data,Latin America
Canada,Honduras,2022,13.52228638,USD millions,Central Bank Data,Latin America
Canada,Jamaica,2022,297.878462532,USD millions,Central Bank Data,Latin America
Canada,Mexico,2022,750.433214,USD millions,Central Bank Data,Latin America
Canada,Nicaragua,2022,20.1,USD millions,Central Bank Data,Latin America
Canada,Panama,2022,7.925555879,USD millions,INEC,Latin America
Canada,Suriname,2022,1.247295849,USD millions,Central Bank Data,Latin America
Cayman Islands,Colombia,2022,2.392407825,USD millions,Central Bank Data,Latin America
Cayman Islands,Ecuador,2021,0.40104036,USD millions,Central Bank Data,Latin America
Cayman Islands,Honduras,2022,1.72606866,USD millions,Central Bank Data,Latin America
Cayman Islands,Jamaica,2022,174.760479679,USD millions,Central Bank Data,Latin America
Cayman Islands,Mexico,2022,0.384943,USD millions,Central Bank Data,Latin America
Cayman Islands,Panama,2022,0.150803386,USD millions,INEC,Latin America
Central African Republic,Ecuador,2021,0.00332266,USD millions,Central Bank Data,Latin America
Chad,Ecuador,2021,0.00195866,USD millions,Central Bank Data,Latin America
Chad,Mexico,2022,0.000587,USD millions,Central Bank Data,Latin America
Chile,Bolivia,2022,310,USD millions,Central Bank Data,Latin America
Chile,Colombia,2022,482.354006081,USD millions,Central Bank Data,Latin America
Chile,Ecuador,2021,144.48489191,USD millions,Central Bank Data,Latin America
Chile,Haiti,2019,170.264649515,USD millions,Central Bank Data,Latin America
Chile,Mexico,2022,58.293487,USD millions,Central Bank Data,Latin America
Chile,Panama,2022,8.323886737,USD millions,INEC,Latin America
Chile,Paraguay,2022,9.833799211,USD millions,Central Bank Data,Latin America
China,Chile,2021,1.525736260,USD millions,Central Bank Data,Latin America
China,Colombia,2022,0.902620728,USD millions,Central Bank Data,Latin America
China,Ecuador,2021,1.62896649,USD millions,Central Bank Data,Latin America
China,Mexico,2022,0.262623,USD millions,Central Bank Data,Latin America
China,Panama,2022,0.358087957,USD millions,INEC,Latin America
"China, Hong Kong SAR",Ecuador,2021,0.30181379,USD millions,Central Bank Data,Latin America
"China, Hong Kong SAR",Mexico,2022,0.028872,USD millions,Central Bank Data,Latin America
"China, Hong Kong SAR",Panama,2022,0.360325598,USD millions,INEC,Latin America
"China, Macao SAR",Panama,2022,0.004601018,USD millions,INEC,Latin America
"China, Taiwan Province of",Ecuador,2021,0.07381492,USD millions,Central Bank Data,Latin America
China,Ecuador,2021,0.07381492,USD millions,Central Bank Data,Latin America
China,Mexico,2022,0.003889,USD millions,Central Bank Data,Latin America
China,Panama,2022,0.029001533,USD millions,INEC,Latin America
Colombia,Chile,2021,10.826573272,USD millions,Central Bank Data,Latin America
Colombia,Ecuador,2021,48.78118881,USD millions,Central Bank Data,Latin America
Colombia,Mexico,2022,129.091259,USD millions,Central Bank Data,Latin America
Colombia,Panama,2022,15.417618992,USD millions,INEC,Latin America
Comoros,Mexico,2022,0.000259,USD millions,Central Bank Data,Latin America
Congo,Mexico,2022,0.05657,USD millions,Central Bank Data,Latin America
Congo,Panama,2022,0.013434995,USD millions,INEC,Latin America
Costa Rica,Colombia,2022,28.211136338,USD millions,Central Bank Data,Latin America
Costa Rica,Ecuador,2021,3.14762372,USD millions,Central Bank Data,Latin America
Costa Rica,Honduras,2022,1.0977142,USD millions,Central Bank Data,Latin America
Costa Rica,Mexico,2022,16.248115,USD millions,Central Bank Data,Latin America
Costa Rica,Nicaragua,2022,185.3,USD millions,Central Bank Data,Latin America
Costa Rica,Panama,2022,6.008642539,USD millions,INEC,Latin America
Croatia,Ecuador,2021,0.06871717,USD millions,Central Bank Data,Latin America
Croatia,Mexico,2022,0.023571,USD millions,Central Bank Data,Latin America
Cuba,Ecuador,2021,0.00204,USD millions,Central Bank Data,Latin America
Cuba,Mexico,2022,2.4e-05,USD millions,Central Bank Data,Latin America
Curaçao,Colombia,2022,3.742219159,USD millions,Central Bank Data,Latin America
Curaçao,Ecuador,2021,0.98085808,USD millions,Central Bank Data,Latin America
Curaçao,Jamaica,2022,2.386317950,USD millions,Central Bank Data,Latin America
Curaçao,Mexico,2022,0.03468,USD millions,Central Bank Data,Latin America
Cyprus,Ecuador,2021,0.05351243,USD millions,Central Bank Data,Latin America
Cyprus,Mexico,2022,0.014274,USD millions,Central Bank Data,Latin America
Czechia,Ecuador,2021,0.24212332,USD millions,Central Bank Data,Latin America
Czechia,Mexico,2022,0.037396,USD millions,Central Bank Data,Latin America
Czechia,Panama,2022,0.065862787,USD millions,INEC,Latin America
Dem. People's Republic of ..,Ecuador,2021,0.63828916,USD millions,Central Bank Data,Latin America
Democratic Republic of the,Ecuador,2021,0.07578686,USD millions,Central Bank Data,Latin America
Congo,Ecuador,2021,0.07578686,USD millions,Central Bank Data,Latin America
Congo,Mexico,2022,0.377893,USD millions,Central Bank Data,Latin America
Denmark,Ecuador,2021,1.15053584,USD millions,Central Bank Data,Latin America
Denmark,Mexico,2022,0.31848,USD millions,Central Bank Data,Latin America
Denmark,Panama,2022,0.230669853,USD millions,INEC,Latin America
Djibouti,Mexico,2022,0.000503,USD millions,Central Bank Data,Latin America
Dominica,Ecuador,2021,0.01993682,USD millions,Central Bank Data,Latin America
Dominica,Mexico,2022,0.011373,USD millions,Central Bank Data,Latin America
Dominica,Panama,2022,0.096307644,USD millions,INEC,Latin America
Dominican Republic,Colombia,2022,28.542400070,USD millions,Central Bank Data,Latin America
Dominican Republic,Ecuador,2021,5.23839776,USD millions,Central Bank Data,Latin America
Dominican Republic,Haiti,2019,67.948160177,USD millions,Central Bank Data,Latin America
Dominican Republic,Mexico,2022,60.380278,USD millions,Central Bank Data,Latin America
Dominican Republic,Panama,2022,4.327045551,USD millions,INEC,Latin America
Ecuador,Chile,2021,8.539673828,USD millions,Central Bank Data,Latin America
Ecuador,Colombia,2022,244.241803388,USD millions,Central Bank Data,Latin America
Ecuador,Mexico,2022,218.405967,USD millions,Central Bank Data,Latin America
Ecuador,Panama,2022,9.276093832,USD millions,INEC,Latin America
Egypt,Ecuador,2021,0.31432188,USD millions,Central Bank Data,Latin America
Egypt,Mexico,2022,0.069086,USD millions,Central Bank Data,Latin America
El Salvador,Ecuador,2021,2.64085197,USD millions,Central Bank Data,Latin America
El Salvador,Honduras,2022,1.93960663,USD millions,Central Bank Data,Latin America
El Salvador,Mexico,2022,49.696868,USD millions,Central Bank Data,Latin America
El Salvador,Panama,2022,2.713245005,USD millions,INEC,Latin America
El salvador,Nicaragua,2022,7.4,USD millions,Central Bank Data,Latin America
Equatorial Guinea,Ecuador,2021,0.1676052,USD millions,Central Bank Data,Latin America
Equatorial Guinea,Mexico,2022,0.018096,USD millions,Central Bank Data,Latin America
Estonia,Ecuador,2021,0.0339721,USD millions,Central Bank Data,Latin America
Estonia,Mexico,2022,0.015299,USD millions,Central Bank Data,Latin America
Estonia,Panama,2022,0.007195295,USD millions,INEC,Latin America
Ethiopia,Ecuador,2021,0.00465,USD millions,Central Bank Data,Latin America
Fiji,Ecuador,2021,0.00076492,USD millions,Central Bank Data,Latin America
Fiji,Mexico,2022,0.000673,USD millions,Central Bank Data,Latin America
Fiji,Panama,2022,0.013704658,USD millions,INEC,Latin America
Finland,Ecuador,2021,0.48335246,USD millions,Central Bank Data,Latin America
Finland,Mexico,2022,0.155682,USD millions,Central Bank Data,Latin America
France,Brazil,2022,163.9125814,USD millions,Central Bank Data,Latin America
France,Chile,2021,5.938098411,USD millions,Central Bank Data,Latin America
France,Colombia,2022,99.825825937,USD millions,Central Bank Data,Latin America
France,Costa Rica,2022,38.032310513,USD millions,Central Bank Data,Latin America
France,Dominican Republic,2022,38.032310513,USD millions,Central Bank Data,Latin America
France,Ecuador,2021,42.7259938,USD millions,Central Bank Data,Latin America
France,Haiti,2019,102.978233530,USD millions,Central Bank Data,Latin America
France,Mexico,2022,31.680909,USD millions,Central Bank Data,Latin America
France,Panama,2022,3.842911423,USD millions,INEC,Latin America
France,Paraguay,2022,10.816578907,USD millions,Central Bank Data,Latin America
France,Suriname,2022,12.240023521,USD millions,Central Bank Data,Latin America
French Guiana,Ecuador,2021,0.08562073,USD millions,Central Bank Data,Latin America
French Guiana,Mexico,2022,0.046422,USD millions,Central Bank Data,Latin America
French Guiana,Suriname,2022,1.281711937,USD millions,Central Bank Data,Latin America
Gabon,Ecuador,2021,0.06554742,USD millions,Central Bank Data,Latin America
Gabon,Mexico,2022,0.022042,USD millions,Central Bank Data,Latin America
Gambia,Ecuador,2021,0.0362795,USD millions,Central Bank Data,Latin America
Gambia,Mexico,2022,0.002043,USD millions,Central Bank Data,Latin America
Georgia,Ecuador,2021,0.06246092,USD millions,Central Bank Data,Latin America
Georgia,Panama,2022,0.042785842,USD millions,INEC,Latin America
Germany,Brazil,2022,165.88350396,USD millions,Central Bank Data,Latin America
Germany,Colombia,2022,90.518242957,USD millions,Central Bank Data,Latin America
Germany,Costa Rica,2022,35.486304486,USD millions,Central Bank Data,Latin America
Germany,Dominican Republic,2022,35.486304486,USD millions,Central Bank Data,Latin America
Germany,Ecuador,2021,43.63440476,USD millions,Central Bank Data,Latin America
Germany,Jamaica,2022,3.153140938,USD millions,Central Bank Data,Latin America
Germany,Mexico,2022,29.728509,USD millions,Central Bank Data,Latin America
Germany,Panama,2022,1.814178686,USD millions,INEC,Latin America
Germany,Paraguay,2022,4.595153403,USD millions,Central Bank Data,Latin America
Gibraltar,Panama,2022,0.012120878,USD millions,INEC,Latin America
Greece,Ecuador,2021,0.43122064,USD millions,Central Bank Data,Latin America
Greece,Mexico,2022,0.200955,USD millions,Central Bank Data,Latin America
Greece,Panama,2022,0.178702057,USD millions,INEC,Latin America
Grenada,Ecuador,2021,0.05947455,USD millions,Central Bank Data,Latin America
Grenada,Mexico,2022,0.01519,USD millions,Central Bank Data,Latin America
Grenada,Panama,2022,0.079877371,USD millions,INEC,Latin America
Guadeloupe,Mexico,2022,0.068793,USD millions,Central Bank Data,Latin America
Guam,Ecuador,2021,0.00350361,USD millions,Central Bank Data,Latin America
Guam,Mexico,2022,0.011432,USD millions,Central Bank Data,Latin America
Guatemala,Colombia,2022,23.717021117,USD millions,Central Bank Data,Latin America
Guatemala,Ecuador,2021,3.7173961,USD millions,Central Bank Data,Latin America
Guatemala,Honduras,2022,6.38110839,USD millions,Central Bank Data,Latin America
Guatemala,Mexico,2022,49.974654,USD millions,Central Bank Data,Latin America
Guatemala,Panama,2022,1.328253984,USD millions,INEC,Latin America
Guinea,Ecuador,2021,0.0317013,USD millions,Central Bank Data,Latin America
Guinea,Mexico,2022,0.055853,USD millions,Central Bank Data,Latin America
Guinea-bissau,Ecuador,2021,0.00704176,USD millions,Central Bank Data,Latin America
Guinea-Bissau,Mexico,2022,0.004879,USD millions,Central Bank Data,Latin America
Guinea-Bissau,Panama,2022,0.002533079,USD millions,INEC,Latin America
Guyana,Ecuador,2021,0.19945501,USD millions,Central Bank Data,Latin America
Guyana,Mexico,2022,0.027358,USD millions,Central Bank Data,Latin America
Guyana,Panama,2022,0.110945265,USD millions,INEC,Latin America
Guyana,Suriname,2022,1.047403962,USD millions,Central Bank Data,Latin America
Haiti,Costa Rica,2022,117.596426417,USD millions,Central Bank Data,Latin America
Haiti,Dominican Republic,2022,117.596426417,USD millions,Central Bank Data,Latin America
Haiti,Ecuador,2021,1.37301048,USD millions,Central Bank Data,Latin America
Haiti,Mexico,2022,0.703677,USD millions,Central Bank Data,Latin America
Haiti,Panama,2022,4.335585707,USD millions,INEC,Latin America
Haiti,Suriname,2022,1.158916678,USD millions,Central Bank Data,Latin America
Honduras,Colombia,2022,9.764404582,USD millions,Central Bank Data,Latin America
Honduras,Ecuador,2021,2.20795527,USD millions,Central Bank Data,Latin America
Honduras,Mexico,2022,31.406758,USD millions,Central Bank Data,Latin America
Honduras,Panama,2022,1.529992689,USD millions,INEC,Latin America
Hungary,Ecuador,2021,0.24670184,USD millions,Central Bank Data,Latin America
Hungary,Mexico,2022,0.023459,USD millions,Central Bank Data,Latin America
Iceland,Ecuador,2021,0.19241275,USD millions,Central Bank Data,Latin America
Iceland,Mexico,2022,0.003216,USD millions,Central Bank Data,Latin America
Indonesia,Ecuador,2021,0.02006551,USD millions,Central Bank Data,Latin America
Indonesia,Mexico,2022,0.006875,USD millions,Central Bank Data,Latin America
Indonesia,Panama,2022,0.002516991,USD millions,INEC,Latin America
Iraq,Ecuador,2021,0.209408,USD millions,Central Bank Data,Latin America
Iraq,Mexico,2022,0.06389,USD millions,Central Bank Data,Latin America
Ireland,Ecuador,2021,0.97450096,USD millions,Central Bank Data,Latin America
Ireland,Mexico,2022,0.375592,USD millions,Central Bank Data,Latin America
Ireland,Panama,2022,0.219284825,USD millions,INEC,Latin America
Israel,Colombia,2022,21.877705618,USD millions,Central Bank Data,Latin America
Israel,Ecuador,2021,4.34741391,USD millions,Central Bank Data,Latin America
Israel,Mexico,2022,0.42155,USD millions,Central Bank Data,Latin America
Israel,Panama,2022,0.471353469,USD millions,INEC,Latin America
Italy,Brazil,2022,135.43228175,USD millions,Central Bank Data,Latin America
Italy,Chile,2021,4.651868458,USD millions,Central Bank Data,Latin America
Italy,Colombia,2022,116.864778467,USD millions,Central Bank Data,Latin America
Italy,Costa Rica,2022,82.557676261,USD millions,Central Bank Data,Latin America
Italy,Dominican Republic,2022,82.557676261,USD millions,Central Bank Data,Latin America
Italy,Ecuador,2021,333.27446167,USD millions,Central Bank Data,Latin America
Italy,Honduras,2022,1.88029472,USD millions,Central Bank Data,Latin America
Italy,Mexico,2022,19.13276,USD millions,Central Bank Data,Latin America
Italy,Panama,2022,2.416560842,USD millions,INEC,Latin America
Italy,Paraguay,2022,5.443881954,USD millions,Central Bank Data,Latin America
Jamaica,Ecuador,2021,0.11766215,USD millions,Central Bank Data,Latin America
Jamaica,Mexico,2022,0.088419,USD millions,Central Bank Data,Latin America
Jamaica,Panama,2022,0.357394394,USD millions,INEC,Latin America
Japan,Brazil,2022,107.40928115,USD millions,Central Bank Data,Latin America
Japan,Ecuador,2021,0.72284311,USD millions,Central Bank Data,Latin America
Japan,Mexico,2022,0.401324,USD millions,Central Bank Data,Latin America
Japan,Panama,2022,0.114434473,USD millions,INEC,Latin America
Japan,Paraguay,2022,2.611343718,USD millions,Central Bank Data,Latin America
Jordan,Ecuador,2021,0.20131907,USD millions,Central Bank Data,Latin America
Jordan,Mexico,2022,0.019544,USD millions,Central Bank Data,Latin America
Jordan,Panama,2022,0.070312846,USD millions,INEC,Latin America
Kazakhstan,Ecuador,2021,0.42417688,USD millions,Central Bank Data,Latin America
Kazakhstan,Mexico,2022,0.037853,USD millions,Central Bank Data,Latin America
Kenya,Ecuador,2021,0.14955017,USD millions,Central Bank Data,Latin America
Kenya,Mexico,2022,0.043818,USD millions,Central Bank Data,Latin America
Kenya,Panama,2022,0.168648387,USD millions,INEC,Latin America
Kiribati,Ecuador,2021,0.00091606,USD millions,Central Bank Data,Latin America
Kiribati,Mexico,2022,0.00327,USD millions,Central Bank Data,Latin America
Kuwait,Ecuador,2021,0.10539232,USD millions,Central Bank Data,Latin America
Kuwait,Mexico,2022,0.110848,USD millions,Central Bank Data,Latin America
Kuwait,Panama,2022,0.127518873,USD millions,INEC,Latin America
Kyrgyzstan,Ecuador,2021,0.13467,USD millions,Central Bank Data,Latin America
Kyrgyzstan,Mexico,2022,0.056047,USD millions,Central Bank Data,Latin America
Lao People's Democratic,Ecuador,2021,0.00191728,USD millions,Central Bank Data,Latin America
Republic,Ecuador,2021,0.00191728,USD millions,Central Bank Data,Latin America
Republic,Mexico,2022,0.000382,USD millions,Central Bank Data,Latin America
Latvia,Ecuador,2021,0.0973313,USD millions,Central Bank Data,Latin America
Latvia,Mexico,2022,0.006799,USD millions,Central Bank Data,Latin America
Lebanon,Ecuador,2021,1.17695136,USD millions,Central Bank Data,Latin America
Lebanon,Mexico,2022,0.147672,USD millions,Central Bank Data,Latin America
Liberia,Ecuador,2021,0.00510244,USD millions,Central Bank Data,Latin America
Libya,Ecuador,2021,0.00194,USD millions,Central Bank Data,Latin America
Liechtenstein,Ecuador,2021,0.00444394,USD millions,Central Bank Data,Latin America
Liechtenstein,Mexico,2022,0.000613,USD millions,Central Bank Data,Latin America
Lithuania,Ecuador,2021,0.09687582,USD millions,Central Bank Data,Latin America
Lithuania,Mexico,2022,0.008653,USD millions,Central Bank Data,Latin America
Lithuania,Panama,2022,0.008474279,USD millions,INEC,Latin America
Luxembourg,Ecuador,2021,0.43698028,USD millions,Central Bank Data,Latin America
Luxembourg,Mexico,2022,0.06197,USD millions,Central Bank Data,Latin America
Madagascar,Mexico,2022,2.4e-05,USD millions,Central Bank Data,Latin America
Malawi,Ecuador,2021,0.000184,USD millions,Central Bank Data,Latin America
Malawi,Mexico,2022,6.4e-05,USD millions,Central Bank Data,Latin America
Malaysia,Ecuador,2021,0.07348633,USD millions,Central Bank Data,Latin America
Malaysia,Mexico,2022,0.019191,USD millions,Central Bank Data,Latin America
Malaysia,Panama,2022,0.082678453,USD millions,INEC,Latin America
Maldives,Ecuador,2021,0.02850188,USD millions,Central Bank Data,Latin America
Maldives,Mexico,2022,0.003379,USD millions,Central Bank Data,Latin America
Mali,Ecuador,2021,0.04154989,USD millions,Central Bank Data,Latin America
Mali,Mexico,2022,0.022825,USD millions,Central Bank Data,Latin America
Malta,Ecuador,2021,0.14309138,USD millions,Central Bank Data,Latin America
Malta,Mexico,2022,0.001347,USD millions,Central Bank Data,Latin America
Malta,Panama,2022,0.068784969,USD millions,INEC,Latin America
Marshall Islands,Ecuador,2021,0.03065554,USD millions,Central Bank Data,Latin America
Marshall Islands,Mexico,2022,0.001662,USD millions,Central Bank Data,Latin America
Martinique,Ecuador,2021,0.00524036,USD millions,Central Bank Data,Latin America
Martinique,Haiti,2019,39.439517940,USD millions,Central Bank Data,Latin America
Martinique,Mexico,2022,0.022782,USD millions,Central Bank Data,Latin America
Mauritania,Ecuador,2021,7.908e-05,USD millions,Central Bank Data,Latin America
Mauritius,Ecuador,2021,0.00981925,USD millions,Central Bank Data,Latin America
Mauritius,Mexico,2022,0.00019,USD millions,Central Bank Data,Latin America
Mexico,Chile,2021,4.776360548,USD millions,Central Bank Data,Latin America
Mexico,Colombia,2022,111.364869732,USD millions,Central Bank Data,Latin America
Mexico,Ecuador,2021,197.95939115,USD millions,Central Bank Data,Latin America
Mexico,Honduras,2022,12.49455421,USD millions,Central Bank Data,Latin America
Mexico,Nicaragua,2022,3.9,USD millions,Central Bank Data,Latin America
Mexico,Panama,2022,5.255654990,USD millions,INEC,Latin America
Micronesia (Fed. States of),Ecuador,2021,0.006986,USD millions,Central Bank Data,Latin America
Mongolia,Ecuador,2021,0.016328,USD millions,Central Bank Data,Latin America
Mongolia,Mexico,2022,0.013573,USD millions,Central Bank Data,Latin America
Montenegro,Ecuador,2021,0.04520798,USD millions,Central Bank Data,Latin America
Montenegro,Mexico,2022,0.012333,USD millions,Central Bank Data,Latin America
Montserrat,Mexico,2022,2.5e-05,USD millions,Central Bank Data,Latin America
Morocco,Ecuador,2021,0.08161009,USD millions,Central Bank Data,Latin America
Morocco,Mexico,2022,0.033979,USD millions,Central Bank Data,Latin America
Morocco,Panama,2022,0.007353095,USD millions,INEC,Latin America
Mozambique,Ecuador,2021,0.02449524,USD millions,Central Bank Data,Latin America
Mozambique,Mexico,2022,0.025446,USD millions,Central Bank Data,Latin America
Namibia,Ecuador,2021,0.00040948,USD millions,Central Bank Data,Latin America
Namibia,Mexico,2022,0.005687,USD millions,Central Bank Data,Latin America
Netherlands,Brazil,2022,53.2618259,USD millions,Central Bank Data,Latin America
Netherlands,Colombia,2022,21.045759873,USD millions,Central Bank Data,Latin America
Netherlands,Ecuador,2021,10.86765408,USD millions,Central Bank Data,Latin America
Netherlands,Mexico,2022,5.654229,USD millions,Central Bank Data,Latin America
Netherlands,Panama,2022,0.683057751,USD millions,INEC,Latin America
Netherlands,Suriname,2022,98.515620830,USD millions,Central Bank Data,Latin America
New Zealand,Ecuador,2021,0.76770589,USD millions,Central Bank Data,Latin America
New Zealand,Mexico,2022,0.147129,USD millions,Central Bank Data,Latin America
New Zealand,Panama,2022,0.048791634,USD millions,INEC,Latin America
Nicaragua,Ecuador,2021,1.04320841,USD millions,Central Bank Data,Latin America
Nicaragua,Mexico,2022,91.5116,USD millions,Central Bank Data,Latin America
Nicaragua,Panama,2022,6.201532196,USD millions,INEC,Latin America
Niger,Ecuador,2021,0.00741944,USD millions,Central Bank Data,Latin America
Nigeria,Ecuador,2021,0.04923312,USD millions,Central Bank Data,Latin America
North Macedonia,Ecuador,2021,0.08298356,USD millions,Central Bank Data,Latin America
North Macedonia,Mexico,2022,0.005222,USD millions,Central Bank Data,Latin America
Norway,Ecuador,2021,1.55166801,USD millions,Central Bank Data,Latin America
Norway,Mexico,2022,0.224382,USD millions,Central Bank Data,Latin America
Norway,Panama,2022,0.137750098,USD millions,INEC,Latin America
Oman,Ecuador,2021,0.06618281,USD millions,Central Bank Data,Latin America
Oman,Mexico,2022,0.089053,USD millions,Central Bank Data,Latin America
Oman,Panama,2022,0.020773623,USD millions,INEC,Latin America
Pakistan,Ecuador,2021,0.02369544,USD millions,Central Bank Data,Latin America
Pakistan,Mexico,2022,0.098872,USD millions,Central Bank Data,Latin America
Pakistan,Panama,2022,0.017251081,USD millions,INEC,Latin America
Panama,Chile,2021,2.006248543,USD millions,Central Bank Data,Latin America
Panama,Colombia,2022,184.721856813,USD millions,Central Bank Data,Latin America
Panama,Costa Rica,2022,27.765436098,USD millions,Central Bank Data,Latin America
Panama,Dominican Republic,2022,27.765436098,USD millions,Central Bank Data,Latin America
Panama,Ecuador,2021,18.64406244,USD millions,Central Bank Data,Latin America
Panama,Mexico,2022,38.481322,USD millions,Central Bank Data,Latin America
Panama,Nicaragua,2022,31.4,USD millions,Central Bank Data,Latin America
Papua New Guinea,Ecuador,2021,0.02051165,USD millions,Central Bank Data,Latin America
Paraguay,Chile,2021,1.957029307,USD millions,Central Bank Data,Latin America
Paraguay,Ecuador,2021,2.11283498,USD millions,Central Bank Data,Latin America
Paraguay,Mexico,2022,0.276779,USD millions,Central Bank Data,Latin America
Paraguay,Panama,2022,0.371155587,USD millions,INEC,Latin America
Peru,Chile,2021,30.525173794,USD millions,Central Bank Data,Latin America
Peru,Colombia,2022,227.990870557,USD millions,Central Bank Data,Latin America
Peru,Ecuador,2021,61.4066867,USD millions,Central Bank Data,Latin America
Peru,Mexico,2022,98.148012,USD millions,Central Bank Data,Latin America
Peru,Panama,2022,4.814499673,USD millions,INEC,Latin America
Philippines,Ecuador,2021,0.79327032,USD millions,Central Bank Data,Latin America
Philippines,Mexico,2022,0.062514,USD millions,Central Bank Data,Latin America
Philippines,Panama,2022,0.039221963,USD millions,INEC,Latin America
Poland,Ecuador,2021,0.41540539,USD millions,Central Bank Data,Latin America
Poland,Mexico,2022,0.113444,USD millions,Central Bank Data,Latin America
Poland,Panama,2022,0.071774413,USD millions,INEC,Latin America
Portugal,Brazil,2022,375.04954185,USD millions,Central Bank Data,Latin America
Portugal,Ecuador,2021,1.60820032,USD millions,Central Bank Data,Latin America
Portugal,Mexico,2022,0.3654,USD millions,Central Bank Data,Latin America
Portugal,Panama,2022,0.488213444,USD millions,INEC,Latin America
Puerto Rico,Costa Rica,2022,78.256812047,USD millions,Central Bank Data,Latin America
Puerto Rico,Dominican Republic,2022,78.256812047,USD millions,Central Bank Data,Latin America
Puerto Rico,Ecuador,2021,0.45274215,USD millions,Central Bank Data,Latin America
Puerto Rico,Panama,2022,0.170933985,USD millions,INEC,Latin America
Qatar,Ecuador,2021,1.12886194,USD millions,Central Bank Data,Latin America
Qatar,Mexico,2022,0.185174,USD millions,Central Bank Data,Latin America
Republic of Korea,Ecuador,2021,0.12057675,USD millions,Central Bank Data,Latin America
Republic of Korea,Mexico,2022,0.188341,USD millions,Central Bank Data,Latin America
Republic of Korea,Panama,2022,0.418495932,USD millions,INEC,Latin America
Republic of Moldova,Ecuador,2021,0.11212232,USD millions,Central Bank Data,Latin America
Republic of Moldova,Mexico,2022,0.003839,USD millions,Central Bank Data,Latin America
Réunion,Mexico,2022,0.000868,USD millions,Central Bank Data,Latin America
Romania,Ecuador,2021,0.31755202,USD millions,Central Bank Data,Latin America
Romania,Mexico,2022,0.141631,USD millions,Central Bank Data,Latin America
Romania,Panama,2022,0.079066158,USD millions,INEC,Latin America
Russian Federation,Ecuador,2021,6.59514737,USD millions,Central Bank Data,Latin America
Russian Federation,Mexico,2022,0.119315,USD millions,Central Bank Data,Latin America
Russian Federation,Panama,2022,0.296639516,USD millions,INEC,Latin America
Rwanda,Ecuador,2021,0.00725502,USD millions,Central Bank Data,Latin America
Rwanda,Mexico,2022,0.000881,USD millions,Central Bank Data,Latin America
Saint Kitts and Nevis,Ecuador,2021,0.0178448,USD millions,Central Bank Data,Latin America
Saint Kitts and Nevis,Mexico,2022,0.060822,USD millions,Central Bank Data,Latin America
Saint Kitts and Nevis,Panama,2022,0.052720169,USD millions,INEC,Latin America
Saint Lucia,Ecuador,2021,0.04643751,USD millions,Central Bank Data,Latin America
Saint Lucia,Mexico,2022,0.00508,USD millions,Central Bank Data,Latin America
Saint Martin (French part),Ecuador,2021,0.2454753,USD millions,Central Bank Data,Latin America
Saint Martin (French part),Haiti,2019,1.457960757,USD millions,Central Bank Data,Latin America
Saint Martin (French part),Jamaica,2022,0.598351012,USD millions,Central Bank Data,Latin America
Saint Martin (French part),Mexico,2022,0.336205,USD millions,Central Bank Data,Latin America
Saint Vincent and the,Ecuador,2021,0.00104063,USD millions,Central Bank Data,Latin America
Grenadines,Ecuador,2021,0.00104063,USD millions,Central Bank Data,Latin America
Grenadines,Mexico,2022,0.001745,USD millions,Central Bank Data,Latin America
Grenadines,Panama,2022,0.041102648,USD millions,INEC,Latin America
Samoa,Ecuador,2021,0.00287723,USD millions,Central Bank Data,Latin America
Samoa,Mexico,2022,0.000167,USD millions,Central Bank Data,Latin America
Sao Tome and Principe,Ecuador,2021,0.00046797,USD millions,Central Bank Data,Latin America
Saudi Arabia,Ecuador,2021,0.88712676,USD millions,Central Bank Data,Latin America
Saudi Arabia,Mexico,2022,0.596318,USD millions,Central Bank Data,Latin America
Saudi Arabia,Panama,2022,0.261655688,USD millions,INEC,Latin America
Senegal,Ecuador,2021,0.13695775,USD millions,Central Bank Data,Latin America
Senegal,Mexico,2022,0.191356,USD millions,Central Bank Data,Latin America
Senegal,Panama,2022,0.240844020,USD millions,INEC,Latin America
Serbia,Ecuador,2021,0.23685182,USD millions,Central Bank Data,Latin America
Serbia,Mexico,2022,0.049416,USD millions,Central Bank Data,Latin America
Seychelles,Ecuador,2021,0.00965,USD millions,Central Bank Data,Latin America
Sierra Leone,Ecuador,2021,0.03807532,USD millions,Central Bank Data,Latin America
Sierra Leone,Mexico,2022,0.022077,USD millions,Central Bank Data,Latin America
Sierra Leone,Panama,2022,0.002893205,USD millions,INEC,Latin America
Singapore,Ecuador,2021,0.08829345,USD millions,Central Bank Data,Latin America
Singapore,Mexico,2022,0.02457,USD millions,Central Bank Data,Latin America
Singapore,Panama,2022,0.059043513,USD millions,INEC,Latin America
Slovakia,Ecuador,2021,0.17257504,USD millions,Central Bank Data,Latin America
Slovakia,Mexico,2022,0.004663,USD millions,Central Bank Data,Latin America
Slovenia,Ecuador,2021,0.03722737,USD millions,Central Bank Data,Latin America
Slovenia,Mexico,2022,0.011434,USD millions,Central Bank Data,Latin America
Slovenia,Panama,2022,0.012445071,USD millions,INEC,Latin America
Solomon Islands,Ecuador,2021,0.00108,USD millions,Central Bank Data,Latin America
South Africa,Ecuador,2021,0.25393562,USD millions,Central Bank Data,Latin America
South Africa,Mexico,2022,0.078301,USD millions,Central Bank Data,Latin America
South Africa,Panama,2022,0.112342081,USD millions,INEC,Latin America
South Sudan,Ecuador,2021,0.0026,USD millions,Central Bank Data,Latin America
Spain,Bolivia,2022,451,USD millions,Central Bank Data,Latin America
Spain,Brazil,2022,167.93063928,USD millions,Central Bank Data,Latin America
Spain,Chile,2021,26.967196721,USD millions,Central Bank Data,Latin America
Spain,Colombia,2022,"1,199.214183477",USD millions,Central Bank Data,Latin America
Spain,Costa Rica,2022,625.770164171,USD millions,Central Bank Data,Latin America
Spain,Dominican Republic,2022,625.770164171,USD millions,Central Bank Data,Latin America
Spain,Ecuador,2021,"1,605.1797441",USD millions,Central Bank Data,Latin America
Spain,Honduras,2022,73.30219679,USD millions,Central Bank Data,Latin America
Spain,Mexico,2022,59.345676,USD millions,Central Bank Data,Latin America
Spain,Nicaragua,2022,157.5,USD millions,Central Bank Data,Latin America
Spain,Panama,2022,8.824471014,USD millions,INEC,Latin America
Spain,Paraguay,2022,292.813386646,USD millions,Central Bank Data,Latin America
State of Palestine,Ecuador,2021,0.147002,USD millions,Central Bank Data,Latin America
State of Palestine,Mexico,2022,0.002615,USD millions,Central Bank Data,Latin America
State of Palestine,Panama,2022,0.028194297,USD millions,INEC,Latin America
Sudan,Ecuador,2021,0.00282042,USD millions,Central Bank Data,Latin America
Sudan,Mexico,2022,0.029986,USD millions,Central Bank Data,Latin America
Suriname,Ecuador,2021,0.2684408,USD millions,Central Bank Data,Latin America
Suriname,Mexico,2022,0.081836,USD millions,Central Bank Data,Latin America
Suriname,Panama,2022,0.507191491,USD millions,INEC,Latin America
Sweden,Chile,2021,6.294202981,USD millions,Central Bank Data,Latin America
Sweden,Colombia,2022,14.807615149,USD millions,Central Bank Data,Latin America
Sweden,Ecuador,2021,6.66159724,USD millions,Central Bank Data,Latin America
Sweden,Mexico,2022,0.546586,USD millions,Central Bank Data,Latin America
Sweden,Panama,2022,0.491529577,USD millions,INEC,Latin America
Switzerland,Brazil,2022,194.98397219,USD millions,Central Bank Data,Latin America
Switzerland,Chile,2021,3.959252163,USD millions,Central Bank Data,Latin America
Switzerland,Colombia,2022,68.355671234,USD millions,Central Bank Data,Latin America
Switzerland,Costa Rica,2022,68.771554972,USD millions,Central Bank Data,Latin America
Switzerland,Dominican Republic,2022,68.771554972,USD millions,Central Bank Data,Latin America
Switzerland,Ecuador,2021,57.27817638,USD millions,Central Bank Data,Latin America
Switzerland,Mexico,2022,13.58806,USD millions,Central Bank Data,Latin America
Switzerland,Panama,2022,1.025615042,USD millions,INEC,Latin America
Syrian Arab Republic,Ecuador,2021,0.009056,USD millions,Central Bank Data,Latin America
Tajikistan,Ecuador,2021,0.0488,USD millions,Central Bank Data,Latin America
Tajikistan,Mexico,2022,0.00556,USD millions,Central Bank Data,Latin America
Thailand,Ecuador,2021,0.15738123,USD millions,Central Bank Data,Latin America
Thailand,Mexico,2022,0.08895,USD millions,Central Bank Data,Latin America
Thailand,Panama,2022,0.067822704,USD millions,INEC,Latin America
Timor-Leste,Mexico,2022,0.00016,USD millions,Central Bank Data,Latin America
Togo,Ecuador,2021,0.02248343,USD millions,Central Bank Data,Latin America
Togo,Mexico,2022,0.039602,USD millions,Central Bank Data,Latin America
Trinidad and Tobago,Colombia,2022,0.589172170,USD millions,Central Bank Data,Latin America
Trinidad and Tobago,Ecuador,2021,0.37886103,USD millions,Central Bank Data,Latin America
Trinidad and Tobago,Jamaica,2022,4.549712253,USD millions,Central Bank Data,Latin America
Trinidad and Tobago,Mexico,2022,0.060013,USD millions,Central Bank Data,Latin America
Trinidad and Tobago,Panama,2022,0.095163364,USD millions,INEC,Latin America
Turkey,Ecuador,2021,1.84732415,USD millions,Central Bank Data,Latin America
Turkey,Mexico,2022,0.312832,USD millions,Central Bank Data,Latin America
Turkey,Panama,2022,0.353621388,USD millions,INEC,Latin America
Turks and Caicos Islands,Ecuador,2021,0.10900262,USD millions,Central Bank Data,Latin America
Turks and Caicos Islands,Haiti,2019,33.914718740,USD millions,Central Bank Data,Latin America
Turks and Caicos Islands,Jamaica,2022,14.433990492,USD millions,Central Bank Data,Latin America
Turks and Caicos Islands,Mexico,2022,0.103363,USD millions,Central Bank Data,Latin America
Turks and Caicos Islands,Panama,2022,0.242319539,USD millions,INEC,Latin America
Uganda,Ecuador,2021,0.03159125,USD millions,Central Bank Data,Latin America
Uganda,Mexico,2022,0.004288,USD millions,Central Bank Data,Latin America
Uganda,Panama,2022,0.009844711,USD millions,INEC,Latin America
Ukraine,Ecuador,2021,2.35829893,USD millions,Central Bank Data,Latin America
Ukraine,Mexico,2022,0.032432,USD millions,Central Bank Data,Latin America
Ukraine,Panama,2022,0.144711259,USD millions,INEC,Latin America
United Arab Emirates,Colombia,2022,11.972979220,USD millions,Central Bank Data,Latin America
United Arab Emirates,Ecuador,2021,0.88823674,USD millions,Central Bank Data,Latin America
United Arab Emirates,Mexico,2022,1.108801,USD millions,Central Bank Data,Latin America
United Arab Emirates,Panama,2022,0.603113707,USD millions,INEC,Latin America
United Kingdom,Brazil,2022,462.21656999,USD millions,Central Bank Data,Latin America
United Kingdom,Chile,2021,4.480732809,USD millions,Central Bank Data,Latin America
United Kingdom,Colombia,2022,269.797973655,USD millions,Central Bank Data,Latin America
United Kingdom,Ecuador,2021,71.11826076,USD millions,Central Bank Data,Latin America
United Kingdom,Jamaica,2022,287.742154116,USD millions,Central Bank Data,Latin America
United Kingdom,Mexico,2022,134.48142,USD millions,Central Bank Data,Latin America
United Kingdom,Panama,2022,1.773870157,USD millions,INEC,Latin America
United Republic of Tanzania,Ecuador,2021,0.01700022,USD millions,Central Bank Data,Latin America
United Republic of Tanzania,Mexico,2022,0.020896,USD millions,Central Bank Data,Latin America
United States of America,Bolivia,2022,298,USD millions,Central Bank Data,Latin America
United States of America,Brazil,2022,"2,231.74042709",USD millions,Central Bank Data,Latin America
United States of America,Chile,2021,139.514201313,USD millions,Central Bank Data,Latin America
United States of America,Colombia,2022,"5,059.152234664",USD millions,Central Bank Data,Latin America
United States of America,Costa Rica,2022,"8,320.519017729",USD millions,Central Bank Data,Latin America
United States of America,Dominican Republic,2022,"8,320.519017729",USD millions,Central Bank Data,Latin America
United States of America,Ecuador,2021,"4,981.2321893",USD millions,Central Bank Data,Latin America
United States of America,Haiti,2019,"1,775.362862703",USD millions,Central Bank Data,Latin America
United States of America,Honduras,2022,"8,562.962187090",USD millions,Central Bank Data,Latin America
United States of America,Jamaica,2022,"2,085.613553975",USD millions,Central Bank Data,Latin America
United States of America,Mexico,2022,"55,864.008664",USD millions,Central Bank Data,Latin America
United States of America,Nicaragua,2022,"2,157",USD millions,Central Bank Data,Latin America
United States of America,Panama,2022,339.229475464,USD millions,INEC,Latin America
United States of America,Paraguay,2022,98.476961780,USD millions,Central Bank Data,Latin America
United States of America,Suriname,2022,17.256844373,USD millions,Central Bank Data,Latin America
United States Virgin Islands,Mexico,2022,0.104929,USD millions,Central Bank Data,Latin America
United States Virgin Islands,Panama,2022,0.003401734,USD millions,INEC,Latin America
Uruguay,Ecuador,2021,3.54366772,USD millions,Central Bank Data,Latin America
Uruguay,Mexico,2022,10.319234,USD millions,Central Bank Data,Latin America
Uruguay,Panama,2022,2.251356191,USD millions,INEC,Latin America
Uzbekistan,Ecuador,2021,0.22429882,USD millions,Central Bank Data,Latin America
Uzbekistan,Mexico,2022,0.079288,USD millions,Central Bank Data,Latin America
Vanuatu,Ecuador,2021,0.0176409,USD millions,Central Bank Data,Latin America
Venezuela,Colombia,2022,14.716649206,USD millions,Central Bank Data,Latin America
Venezuela,Ecuador,2021,1.69592466,USD millions,Central Bank Data,Latin America
Venezuela,Mexico,2022,0.31243,USD millions,Central Bank Data,Latin America
Venezuela,Panama,2022,0.201066621,USD millions,INEC,Latin America
Viet Nam,Mexico,2022,0.001074,USD millions,Central Bank Data,Latin America
Viet Nam,Panama,2022,0.0007246,USD millions,INEC,Latin America
Yemen,Ecuador,2021,0.25918,USD millions,Central Bank Data,Latin America
Yemen,Mexico,2022,0.005701,USD millions,Central Bank Data,Latin America
Zambia,Ecuador,2021,0.01060072,USD millions,Central Bank Data,Latin America
Zambia,Mexico,2022,0.00067,USD millions,Central Bank Data,Latin America
Zimbabwe,Ecuador,2021,0.001468,USD millions,Central Bank Data,Latin America
Zimbabwe,Mexico,2022,0.000329,USD millions,Central Bank Data,Latin America
